1,001 Carlow Urban,Carlow,Southern,30,2.48,8.49,5.75,3236,79.51,80.81,6.19,81.27,2.93
2,002 Graigue Urban,Carlow,Southern,9,3.29,7.14,2.83,1068,84.76,85.4,6.03,86.95,5.41
3,003 Clonmore,Carlow,Southern,5,0.82,13.93,3.55,518,92.67,94.45,0,86.79,0
4,004 Hacketstown,Carlow,Southern,8,1,8.26,3.28,1010,93.26,94.09,1.2,89.83,2.38
5,005 Haroldstown,Carlow,Southern,3,1.17,10.53,2.34,246,94.98,96.91,0,84.94,0
6,006 Kineagh,Carlow,Southern,3,0.94,9.43,3.3,303,92.66,96.02,0,87.46,0
7,007 Rahill,Carlow,Southern,10,1.55,11.53,3.55,605,91.39,94.11,0.76,87.01,0
8,008 Rathvilly,Carlow,Southern,6,1.64,7.45,3.09,756,90.32,92.71,1.67,92.48,0
9,009 Tiknock,Carlow,Southern,4,2.27,11.82,3.18,313,93.43,95.22,0.6,90.83,0
92,038 Clontarf East B,Dublin City,Eastern and Midlands,143,3.73,26.41,19.64,5724,85.56,90.4,1.38,81.36,2.37
93,039 Clontarf East C,Dublin City,Eastern and Midlands,66,3.84,28,18.07,2684,87.34,92.35,0.59,83.94,1.29
94,040 Clontarf East D,Dublin City,Eastern and Midlands,57,4.22,27.4,19.33,2221,86.76,91.56,0.78,79.69,0.49
95,041 Clontarf East E,Dublin City,Eastern and Midlands,38,4.42,25.32,17.67,1454,87.7,91.38,0.66,80.12,0.71
96,042 Clontarf West A,Dublin City,Eastern and Midlands,78,2.24,18.94,12.21,3001,87.75,90.12,1.55,82.01,0.9
97,043 Clontarf West B,Dublin City,Eastern and Midlands,40,1.92,10.84,6.76,2098,90.9,93.41,0.69,87.65,2.76
98,044 Clontarf West C,Dublin City,Eastern and Midlands,94,4.24,29.95,22.83,2676,80.17,83.28,2.07,73.77,2.53
99,045 Clontarf West D,Dublin City,Eastern and Midlands,72,3.58,22,15.11,1485,73.04,76.29,4.53,68.01,0.86
100,046 Clontarf West E,Dublin City,Eastern and Midlands,62,2.76,20.07,12.46,2036,88.06,92.08,1.21,80.25,1.6
101,047 Drumcondra South A,Dublin City,Eastern and Midlands,116,4.03,26.55,18.48,3574,79.42,82.6,3.22,73.64,1.45
102,048 Drumcondra South B,Dublin City,Eastern and Midlands,44,3.7,28.34,18,1200,79.31,83.15,2.71,76.34,0.87
103,049 Drumcondra South C,Dublin City,Eastern and Midlands,73,4.47,24.81,18.43,2732,88.36,92.85,0.84,81.76,0
104,050 Edenmore,Dublin City,Eastern and Midlands,34,1.23,6.99,3.2,2480,91.14,92.65,0.77,89.36,1.47
105,051 Finglas North A,Dublin City,Eastern and Midlands,16,0.43,3.28,1.06,3041,94.44,94.53,0.28,92.84,0
106,052 Finglas North B,Dublin City,Eastern and Midlands,21,0.75,4.79,1.29,2624,93.48,94.23,0.5,90.82,0
107,053 Finglas North C,Dublin City,Eastern and Midlands,51,1.55,10.82,4.16,2856,88.39,88.52,2.63,86.54,1.34
108,054 Finglas South A,Dublin City,Eastern and Midlands,22,0.45,3.57,1.39,2605,93.67,94.61,1.19,91.38,0.84
109,055 Finglas South B,Dublin City,Eastern and Midlands,30,1.18,9.27,4.24,3253,84.89,85.57,4.72,85.81,1.27
110,056 Finglas South C,Dublin City,Eastern and Midlands,12,0.36,2.35,0.84,2378,94.93,95.85,0.64,93.78,4.35
111,057 Finglas South D,Dublin City,Eastern and Midlands,9,0.55,3.07,0.95,2187,94.68,93.72,0.87,91.82,0
112,058 Grace Park,Dublin City,Eastern and Midlands,90,2.58,19.85,12.62,4907,87.25,90.77,1.24,84.83,1.74
113,059 Grange A,Dublin City,Eastern and Midlands,113,1.28,14.85,6.07,7645,85.86,88.5,2.88,85.4,2.93
114,060 Grange B,Dublin City,Eastern and Midlands,76,2.13,17.95,7.62,3549,78.64,80.3,8.77,80.96,3.58
115,061 Grange C,Dublin City,Eastern and Midlands,38,0.46,6.12,1.97,2814,92.72,94.27,1.22,91.24,4.9
116,062 Grange D,Dublin City,Eastern and Midlands,53,1.89,14.04,6.74,3580,87.77,89.78,1.54,84.07,2.21
117,063 Grange E,Dublin City,Eastern and Midlands,39,1.24,10.6,3.79,2285,89.12,92.36,1.33,86.59,1.53
330,003 Bohernabreena,South Dublin,Eastern and Midlands,58,1.17,12.75,4.66,4088,89.65,92.32,1.45,87.13,2.03
331,004 Clondalkin-Ballymount,South Dublin,Eastern and Midlands,25,1.85,11.16,4.98,1614,85.71,87.89,3.82,85.07,3.29
332,005 Clondalkin-Cappaghmore,South Dublin,Eastern and Midlands,10,1.15,6.53,2.66,2258,86.91,89.99,0.85,84.49,1.77
333,006 Clondalkin-Dunawley,South Dublin,Eastern and Midlands,94,0.8,7.48,2.55,8832,81.39,82.69,4.75,81.12,3.45
334,007 Clondalkin-Monastery,South Dublin,Eastern and Midlands,129,1.58,12.89,6.3,7880,72.94,74.33,9.99,79.28,3.88
335,008 Clondalkin-Moorfield,South Dublin,Eastern and Midlands,36,0.47,6.34,2.21,5601,89.77,89.93,1.41,87.19,2.26
336,009 Clondalkin-Rowlagh,South Dublin,Eastern and Midlands,22,0.31,2.85,0.62,3822,94.18,93.81,0.69,90.22,3.14
337,010 Clondalkin Village,South Dublin,Eastern and Midlands,113,1.3,12.33,4.96,6882,81.8,83.41,5.81,82.75,3.52
338,011 Edmondstown,South Dublin,Eastern and Midlands,74,2.4,17.97,10.71,4994,87.91,92.06,1.2,81.41,1.88
339,012 Firhouse-Ballycullen,South Dublin,Eastern and Midlands,127,2.3,27.9,13.85,6697,86.87,91.19,1.04,82.43,1.21
340,013 Firhouse-Knocklyon,South Dublin,Eastern and Midlands,55,2.26,25.13,11.63,3284,92.27,95.48,0.39,85.26,2.07
341,014 Firhouse Village,South Dublin,Eastern and Midlands,180,2.29,22.47,9.91,9651,83.25,87.35,1.98,78.89,2.98
342,015 Lucan-Esker,South Dublin,Eastern and Midlands,307,1.82,23.97,11.3,21226,71.51,75.12,3.5,71.29,2.46
451,075 Kilmeage South,Kildare,Eastern and Midlands,21,1.12,12.53,4.87,1787,89.71,92.82,1,87.42,0.78
543,078 Kilkeasy,Kilkenny,Southern,4,0.43,14.59,6.01,337,93.87,97.21,0,96.38,0
544,079 Kiltorcan,Kilkenny,Southern,2,1.14,14.77,4.55,145,91.19,96.23,0,98.74,0
545,080 Knocktopher,Kilkenny,Southern,3,1.42,18.23,5.7,471,90.75,91.91,2.12,92.32,0
546,081 Pleberstown,Kilkenny,Southern,6,1.79,16.07,8.04,165,92.7,97.75,0,88.76,0
547,082 Powerstown,Kilkenny,Southern,3,0.63,12.54,3.76,426,90.64,95.32,0,93.66,0
548,083 Stonyford,Kilkenny,Southern,9,0.49,18.45,8.5,547,92.24,95.95,0.34,86.05,4.17
549,084 Thomastown,Kilkenny,Southern,45,1.48,14.88,7.68,1812,83.08,88.03,3.71,86.37,4.08
550,085 Tullaherin,Kilkenny,Southern,7,0.7,19.01,7.04,179,83.64,92.06,0,88.48,0
551,086 Ullard,Kilkenny,Southern,2,3.03,14.65,4.55,250,84.18,88.22,6.06,92.03,20
552,087 Woolengrange,Kilkenny,Southern,4,0.49,16.26,8.37,271,90.64,95.65,0.33,93.09,0
553,088 Balleen,Kilkenny,Southern,4,1,13.67,6.33,416,93.48,95.28,0.45,95.96,20
554,089 Ballyconra,Kilkenny,Southern,2,0,13.14,4.57,244,95.69,98.43,0,96.08,0
555,090 Baunmore,Kilkenny,Southern,2,0.93,12.04,5.56,137,89.54,96.08,0.65,94.77,0
556,091 Clomantagh,Kilkenny,Southern,2,1.03,12.82,4.1,261,90.31,93.77,1.04,91.38,0
557,092 Galmoy,Kilkenny,Southern,3,1.42,15.64,3.32,289,95.38,98.35,0,94.74,0
558,093 Glashare,Kilkenny,Southern,2,0.47,10.28,5.61,313,95.43,98.48,0,91.46,0
559,094 Johnstown,Kilkenny,Southern,4,0.64,12.54,1.45,836,93.72,94.73,0.56,93.85,0
560,095 Lisdowney,Kilkenny,Southern,1,0.67,9.33,6.67,195,92.42,93.84,0,94.84,0
561,096 Rathbeagh,Kilkenny,Southern,1,2.38,19.05,2.98,242,92.37,97.71,0,90.84,0
562,097 Tubbridbrittain,Kilkenny,Southern,2,0,13.27,1.53,298,97.7,98.03,0,88.2,0
563,098 Urlingford,Kilkenny,Southern,7,0.51,7.7,1.64,1005,83.47,85.71,4.9,93.13,8
564,099 Aglish,Kilkenny,Southern,7,0.83,14.14,3.33,814,93.56,95.06,0.11,92.77,2.44
565,100 Ballincrea,Kilkenny,Southern,1,0,11.06,2.4,282,90.97,92.26,0.65,91.29,0
566,101 Dunkitt,Kilkenny,Southern,7,0.27,13.7,5.48,1005,95.08,98.2,0,95.37,0
691,016 Bunlahy,Longford,Eastern and Midlands,3,0.78,13.28,3.13,169,92.35,97.27,0,97.87,0
692,017 Columbkille,Longford,Eastern and Midlands,3,1.47,10.51,1.96,547,91.93,96.97,0,90.95,0
693,018 Coolamber,Longford,Eastern and Midlands,5,2.19,9.21,3.51,342,93.44,94.54,0,94.34,0
694,019 Creevy,Longford,Eastern and Midlands,3,1.84,9.68,3.69,297,94.89,95.85,0,97.44,0
695,020 Crosagstown,Longford,Eastern and Midlands,1,1.84,12.27,7.36,212,87.97,94.19,0,88.8,0
696,021 Currygrane,Longford,Eastern and Midlands,0,1.15,14.94,2.3,116,90.63,93.75,0,85.94,0
697,022 Dalystown,Longford,Eastern and Midlands,0,0,7.26,4.84,178,95.19,97.33,0,97.87,0
698,023 Drummeel,Longford,Eastern and Midlands,0,0,6.38,3.19,127,92.7,97.08,0,92.03,0
699,701 024/035 Firry/Newgrove,Longford,Eastern and Midlands,0,2.96,11.11,2.96,204,94.01,92.17,0,92.63,0
700,025 Gelshagh,Longford,Eastern and Midlands,3,0.46,11.87,1.83,305,91.87,94.88,0,92.9,5.88
731,002 St. Laurence Gate,Louth,Eastern and Midlands,54,1.65,15.4,6.34,3136,78.73,81.02,4.04,83.27,3.5
732,003 West Gate,Louth,Eastern and Midlands,74,0.97,8.54,4.32,5085,84.88,87.16,2.1,85.55,3.1
733,004 Dundalk Urban No. 1,Louth,Eastern and Midlands,24,1.5,8.08,2.94,1707,79.65,84.32,0.93,83.85,4.05
734,005 Dundalk Urban No. 2,Louth,Eastern and Midlands,11,0.86,7.09,2.93,788,67.7,68.99,6.7,79.98,3.75
735,006 Dundalk Urban No. 3,Louth,Eastern and Midlands,21,2.1,16.43,8.62,1092,80.18,87.37,1.47,79.78,3.11
736,007 Dundalk Urban No. 4,Louth,Eastern and Midlands,89,1.88,13.66,5.79,4685,77.97,86.87,1.75,85.74,2.99
737,008 Ardee Rural,Louth,Eastern and Midlands,15,1.06,14.36,5.14,2577,90.26,96.04,0.14,92.97,1.43
738,009 Ardee Urban,Louth,Eastern and Midlands,39,0.88,11.18,4.12,3847,84.62,87.7,2.84,89.24,4.04
739,010 Castlebellingham,Louth,Eastern and Midlands,17,1.06,13.63,5.31,1408,87.4,93.48,1.06,89.42,0.85
740,011 Clonkeen,Louth,Eastern and Midlands,10,1.37,14.42,4.58,595,91.96,95.52,0.15,92.75,0
741,012 Collon,Louth,Eastern and Midlands,22,1.67,15.6,6.96,1516,86.04,91.88,0.85,88.76,2.63
742,013 Dromin,Louth,Eastern and Midlands,4,0.25,15.44,6.58,554,91.27,97.03,0,94.92,0
743,014 Dromiskin,Louth,Eastern and Midlands,22,1.14,15.85,6.82,1843,84.81,95.21,0.14,91.72,2.97
744,015 Drumcar,Louth,Eastern and Midlands,12,0.91,12.22,5.65,1363,90.09,95.04,0.26,91.42,0
745,016 Dunleer,Louth,Eastern and Midlands,25,0.94,13.99,4.2,2451,88.04,92.35,1.08,91.49,4.43
746,017 Stabannan,Louth,Eastern and Midlands,5,1.02,16.58,7.14,561,90.78,97.73,0,94.84,0
747,018 Tallanstown,Louth,Eastern and Midlands,8,1.09,11.35,4.51,932,88.43,92.88,0.28,91.78,2.08
748,019 Ballymascanlan,Louth,Eastern and Midlands,20,1.74,17.02,7.21,1633,74.43,95.21,0.41,93.85,2.11
749,020 Barronstown,Louth,Eastern and Midlands,5,1.26,17.15,5.65,587,79.22,98.25,0,95.56,0
774,002 Navan Urban,Meath,Eastern and Midlands,37,1.84,12.59,5.4,2059,65.62,68.23,7.84,79.86,4.32
775,003 Trim Urban,Meath,Eastern and Midlands,11,2.01,10.81,4.56,931,75.88,77.67,4.32,85.58,6.14
776,004 Drumcondra,Meath,Eastern and Midlands,10,1.12,10.1,3.59,1193,93.13,94.93,0.62,94.03,3.92
777,005 Grangegeeth,Meath,Eastern and Midlands,3,0.5,9.3,5.53,550,92.59,95.79,0.51,95.45,10.53
814,042 Trohanny,Meath,Eastern and Midlands,1,0.45,7.62,1.79,310,94.51,96.34,0,88.41,0
815,043 Ardcath,Meath,Eastern and Midlands,18,1.07,10.97,4.83,1741,91.63,94.37,0.74,91.42,3.09
816,044 Duleek,Meath,Eastern and Midlands,41,0.78,11.3,4.11,4582,88.76,91.22,0.66,89.3,4.85
817,045 Julianstown,Meath,Eastern and Midlands,136,1.96,17.94,8.42,7755,81.43,84.69,1.07,80.34,2.47
818,046 Mellifont,Meath,Eastern and Midlands,7,1.02,14.32,5.63,526,94.6,95.86,1.62,94.12,0
819,047 St. Mary's (part),Meath,Eastern and Midlands,163,1.66,19.33,8.89,8743,81.67,86.25,2.04,83.18,2.77
820,048 Stamullin,Meath,Eastern and Midlands,52,1.47,17.76,6.28,4061,88.4,90.51,1,87.03,1.5
821,049 Ardbraccan,Meath,Eastern and Midlands,19,1.14,14.23,4.92,1780,91.42,95.74,0.05,93.47,1.82
822,050 Ardmulchan,Meath,Eastern and Midlands,11,1.08,15.17,6.5,872,92.18,95.56,0.32,94.2,0
823,051 Bective,Meath,Eastern and Midlands,17,0.7,17.16,9,1031,91.24,95.49,0.35,92.31,8.57
824,052 Castletown,Meath,Eastern and Midlands,8,1.8,12.76,3.6,919,91.26,94.54,0.1,88.59,3.77
825,053 Domhnach Phˆdraig,Meath,Eastern and Midlands,12,1.27,14.61,6.08,1623,93.38,96.55,0,94.37,0
942,079 Rahan,Offaly,Eastern and Midlands,7,2.18,13.73,5.01,670,93.18,95.55,0.28,95.83,0
943,080 Raheenakeeran,Offaly,Eastern and Midlands,2,0.34,6.38,2.68,377,89.34,93.13,0.71,91.27,0
944,081 Rathfeston,Offaly,Eastern and Midlands,2,0.7,13.33,3.86,421,95.68,97.05,0,92.5,0
945,082 Rathrobin,Offaly,Eastern and Midlands,3,0.78,10.2,3.14,375,93.52,95.26,0,94.29,0
946,083 Screggan,Offaly,Eastern and Midlands,10,1.6,15.02,8.31,1343,92.49,95.94,0.07,93.64,0
947,084 Silverbrook,Offaly,Eastern and Midlands,5,1.74,14.97,8.03,676,94.81,97.05,0.14,94.84,7.14
948,085 Tinamuck,Offaly,Eastern and Midlands,2,0,11.73,1.68,236,90.42,95.4,1.15,96.55,0
949,086 Tinnycross,Offaly,Eastern and Midlands,6,1.71,17.41,5.8,424,93.39,97.8,0.22,93.89,0
950,087 Tullamore Rural,Offaly,Eastern and Midlands,27,1.59,21.15,10.36,2045,68.19,70.62,10.57,80.86,4.91
951,001 Athlone East Urban,Westmeath,Eastern and Midlands,33,1.96,14.64,8.19,2915,74.29,76.17,5.4,77.25,3.24
952,002 Athlone West Urban,Westmeath,Eastern and Midlands,22,1.76,11.3,5.74,2520,80.51,82.78,4.82,85.43,4.91
953,003 Athlone East Rural,Westmeath,Eastern and Midlands,62,1.7,18.01,9.38,5263,73.5,76.02,6.28,78.92,3.65
954,004 Auburn,Westmeath,Eastern and Midlands,3,0.85,19.87,7.91,643,91.34,96.45,0.43,93.54,0
955,005 Ballybroder,Westmeath,Eastern and Midlands,3,0.66,10.6,5.3,229,97.03,98.31,0,94.98,0
956,006 Bellanalack,Westmeath,Eastern and Midlands,5,0.28,16.38,8.47,496,88.57,92.32,2.86,93.25,3.7
957,007 Carn,Westmeath,Eastern and Midlands,5,1.28,15.35,5.97,706,94.89,97.58,0,92.01,0
958,008 Castledaly,Westmeath,Eastern and Midlands,2,1.47,15.34,5.25,620,93.09,97.45,0.3,96.3,0
1037,088 Milltown,Westmeath,Eastern and Midlands,1,0,6.63,2.76,254,86.1,92.2,1.36,90,6.67
1038,089 Mullingar Rural,Westmeath,Eastern and Midlands,100,1.14,18.87,8.16,8077,78.31,81.41,3.64,83.99,3.1
1039,090 Mullingar North Urban,Westmeath,Eastern and Midlands,36,1.8,10.03,3.25,4034,76.44,78.32,5.78,86.04,4.92
1040,091 Mullingar South Urban,Westmeath,Eastern and Midlands,55,1.86,16.77,8.3,3112,76.92,79.09,5.19,84.92,3.76
1041,092 Multyfarnham,Westmeath,Eastern and Midlands,1,1.16,13.69,10.21,517,85.88,88.87,0.66,87.6,0
1042,093 Newtown,Westmeath,Eastern and Midlands,3,1.33,18,7.33,207,97.18,99.53,0,95.83,0
1043,094 Owel,Westmeath,Eastern and Midlands,1,1.28,21.15,6.73,398,94.76,96.9,0,94.06,0
1044,095 Portloman,Westmeath,Eastern and Midlands,2,2.22,16,5.33,309,94.21,96.65,0,90.55,0
1045,096 Raharney,Westmeath,Eastern and Midlands,1,0.94,11.56,3.75,463,90.61,96.28,0,93.37,0
1046,097 Rahugh,Westmeath,Eastern and Midlands,3,0.49,10.73,4.39,289,97.64,95.61,0,91.58,14.29
1047,098 Rathconrath,Westmeath,Eastern and Midlands,1,0.44,14.6,2.21,331,93.77,96.88,0.28,93.8,0
1048,099 Russellstown,Westmeath,Eastern and Midlands,0,1.62,14.24,6.15,464,90.8,96.67,0,94.92,0
1049,100 Skeagh,Westmeath,Eastern and Midlands,0,0,8.82,1.76,231,95.06,97.12,0,95.47,0
1050,101 Sonna,Westmeath,Eastern and Midlands,0,0.52,14.51,5.18,262,88.22,92.26,0.67,88.93,0
1051,102 Stonehall,Westmeath,Eastern and Midlands,3,0.66,18.54,7.28,187,84.62,93.67,0,88.05,0
1052,103 Streamstown,Westmeath,Eastern and Midlands,2,0.86,12.45,1.72,335,93.06,96.39,0,97.24,0
1053,104 Taghmon,Westmeath,Eastern and Midlands,2,0.79,16.27,4.37,361,92.56,95.64,0,92.56,0
1054,105 Tullaghan,Westmeath,Eastern and Midlands,2,1.18,18.82,6.67,363,93.32,97.17,0,95.4,0
1055,106 Woodland,Westmeath,Eastern and Midlands,1,1.97,20.2,9.36,285,95.64,99.33,0,93.98,0
1056,001 Enniscorthy Urban,Wexford,Southern,27,0.8,6.29,2.08,1925,83.51,84.43,2.86,84.4,3.02
1057,002 New Ross Urban,Wexford,Southern,26,1.13,7.82,3.02,3236,83.02,85.17,7.34,91.14,6.05
1058,003 Rosbercon Urban,Wexford,Southern,7,1.77,13.5,3.76,351,56.34,59.23,21.35,79.71,6.53
1059,004 Wexford No. 1 Urban,Wexford,Southern,33,2.29,12.34,6.29,1260,80.31,82.09,6.12,83.36,5.56
1060,005 Wexford No. 2 Urban,Wexford,Southern,35,0.98,8.1,2.89,3475,85.91,88.36,3.29,87.11,2.75
1061,006 Wexford No. 3 Urban,Wexford,Southern,15,1.52,14.02,5.49,968,75.33,77.74,8.79,79.41,5.13
1062,007 Ballindaggan,Wexford,Southern,7,0,12.03,3.57,750,93.17,95.9,0.37,89.45,0
1063,008 Ballycarney,Wexford,Southern,5,1.06,11.97,3.87,398,92.34,92.81,0,82.41,0
1102,047 Cahore,Wexford,Southern,5,1.74,12.15,5.56,376,91.48,94.4,0,76.14,0
1103,048 Coolgreany,Wexford,Southern,7,1.69,10.85,3.52,996,92.39,96.75,0,88.98,0
1104,049 Courtown,Wexford,Southern,50,1.76,17.75,6.37,1950,86.09,90.07,1.1,79.97,3.14
1105,050 Ford,Wexford,Southern,5,1.93,11.05,4.14,457,88.74,93.01,2.33,86.62,0
1106,051 Gorey Rural,Wexford,Southern,56,1.07,13.7,5.79,4859,79.15,81.69,7.17,84.45,4.82
1107,052 Gorey Urban,Wexford,Southern,42,1.57,11.34,4.68,2837,83.12,85.41,4.34,84.58,2.38
1205,026 Stratford,Wicklow,Eastern and Midlands,3,1.44,14.44,3.61,388,90.44,94.41,0,81.63,0
1206,027 Talbotstown,Wicklow,Eastern and Midlands,4,1.15,16.03,4.58,359,91.82,94.63,2.3,73.42,4
1207,028 The Grange,Wicklow,Eastern and Midlands,9,1.47,14.65,7.69,355,86.17,91.75,0.73,84.73,0
1208,029 Tober,Wicklow,Eastern and Midlands,4,1.9,17.46,6.67,482,92.69,94.62,0.77,85.11,5
1209,030 Togher,Wicklow,Eastern and Midlands,3,1.32,8.37,7.93,304,91.57,93.98,0.3,89.16,0
1210,031 Tuckmill,Wicklow,Eastern and Midlands,2,0.65,12.9,2.58,225,92.59,94.65,0,84.96,0
1211,032 Delgany,Wicklow,Eastern and Midlands,152,3.08,25.1,13.22,4679,83.84,90.34,1.52,73.37,2.18
1212,033 Enniskerry,Wicklow,Eastern and Midlands,67,3.67,23.78,13.08,2230,84.12,90.31,0.64,72.37,0.96
1259,080 Rath,Wicklow,Eastern and Midlands,0,1.66,12.15,5.52,254,97.32,96.55,0,87.74,0
1260,081 Shillelagh,Wicklow,Eastern and Midlands,6,1.53,12.53,5.37,535,89.92,92.61,0,75.46,0
1261,082 Tinahely,Wicklow,Eastern and Midlands,16,0.89,11.36,4.55,1380,90.2,92.35,2.42,83.33,0
1262,001 Ennis No. 1 Urban,Clare,Southern,13,1.84,13.04,4.5,1262,82.81,86.94,1.57,83.57,1.59
1263,002 Ennis No. 2 Urban,Clare,Southern,14,1.01,8.42,2.44,1355,77.25,79.13,4.5,80.48,3.72
1264,003 Ennis No. 3 Urban,Clare,Southern,5,4.97,14.92,8.84,170,67.46,68.65,3.97,73.83,1.22
1265,004 Ennis No. 4 Urban,Clare,Southern,21,2.13,13.99,5.56,1106,82.29,84,3.2,82.31,3
1266,005 Kilrush Urban,Clare,Southern,12,1.24,10.84,3.43,2164,86.28,87.04,3.31,91.41,2.97
1267,006 Abbey,Clare,Southern,10,3.21,17.63,10.9,380,86.96,90.85,0,79.91,0
1268,007 Carran,Clare,Southern,1,4.48,14.93,5.97,90,87.38,88.35,0,71.43,0
1283,024 Rath,Clare,Southern,6,0.51,11.62,5.56,224,82.66,88.56,0,89.09,7.14
1284,025 Ruan,Clare,Southern,6,2.51,14.82,5.64,649,90.26,93.32,0,91.7,0
1285,026 Clareabbey,Clare,Southern,28,1.87,18.62,7.96,2592,89.41,93.31,1.28,93.57,5
1286,027 Clenagh,Clare,Southern,86,1.21,13.1,4.35,7109,71.4,80.8,5.82,82.69,3.12
1287,028 Crusheen,Clare,Southern,9,2.31,23.13,10.32,735,85.27,91.07,0.58,88.9,0
1288,029 Doora,Clare,Southern,14,1.97,22.48,11.28,1604,86.05,90.72,2.79,89.7,6.9
1401,144 Kilkishen,Clare,Southern,12,0.64,13.44,5.6,826,87.5,91.95,1.17,90.49,1.67
1402,145 Killanena,Clare,Southern,4,0.56,12.36,2.81,214,85.26,88.45,0,85.49,0
1403,146 Killuran,Clare,Southern,4,1.04,16.26,5.88,362,87.86,90.78,1.46,87.86,4.55
1404,147 Kiltannon,Clare,Southern,2,2.61,20,11.3,162,82.23,88.32,0,77.78,0
1405,148 Kyle,Clare,Southern,6,0.94,20.75,10.38,272,86.35,91.43,0.32,89.52,0
1406,149 Loughea,Clare,Southern,1,0.98,7.84,4.9,138,81.66,86.39,0,84.02,0
1407,150 Newgrove,Clare,Southern,7,0,21.11,5.56,228,78.08,85.27,0,78.84,0
1408,151 Quin,Clare,Southern,18,2.01,27.12,10.49,1194,83.21,89.62,1.95,89.27,2.88
1409,152 Rathclooney,Clare,Southern,2,2.02,18.18,6.06,131,89.12,91.84,0,94.63,0
1410,153 Rossroe,Clare,Southern,7,1.65,24.94,9.18,642,87.35,93.47,1.09,91.41,2.27
1411,154 Toberbreeda,Clare,Southern,3,0.88,9.73,7.96,133,83.65,88.05,1.89,87.5,14.29
1412,155 Tulla,Clare,Southern,13,2.01,20.26,8.62,909,84.64,91.25,0.84,88.88,0
1434,022 Fair Hill B,Cork City,Southern,1,1.26,3,2.21,750,96.77,98.45,0.13,96.01,0
1435,023 Fair Hill C,Cork City,Southern,17,0.43,5.05,1.76,3473,93.66,94.44,0.78,93.97,2.34
1436,024 Farranferris A,Cork City,Southern,24,1.36,7.67,3.67,1381,76.59,75.87,6.6,79.08,5.17
1437,025 Farranferris B,Cork City,Southern,1,0.33,2.66,0.83,857,96.73,97.52,0.23,95.94,4.76
1438,026 Farranferris C,Cork City,Southern,2,0.69,6.45,2.76,580,95.55,96.21,0.82,93.75,0
1439,027 Gillabbey A,Cork City,Southern,50,5.73,23.2,16.12,1251,70.08,73.28,3.19,63.47,0.54
1440,028 Gillabbey B,Cork City,Southern,11,5.21,13.83,10.22,759,86.55,89.05,1.37,72.2,1.22
1441,029 Gillabbey C,Cork City,Southern,13,4.12,24.87,16.3,1272,84.24,88.68,0.2,76.65,1.38
1442,030 Glasheen A,Cork City,Southern,10,3.4,24.03,19.42,525,76.2,79.83,1.02,73.97,0
1443,031 Glasheen B,Cork City,Southern,13,6.63,28.24,16.43,603,85.9,90.46,1.85,75.52,0
1444,032 Glasheen C,Cork City,Southern,36,2.32,12.73,9.14,2421,91.64,93.94,0.61,86.27,2.11
1445,033 Greenmount,Cork City,Southern,34,1.76,15.33,9.54,1784,87.75,90.21,2.41,85.48,0.61
1446,034 Gurranebraher A,Cork City,Southern,4,1.17,3.31,1.95,713,94.06,94.46,1.45,93.05,0
1447,035 Gurranebraher B,Cork City,Southern,7,0.93,6.5,1.86,507,89.73,84.96,1.06,81.42,2.63
1448,036 Gurranebraher C,Cork City,Southern,7,0.84,5.44,2.37,808,83.13,84.26,3.29,85.19,2.96
1449,037 Gurranebraher D,Cork City,Southern,7,0.48,6.74,1.93,831,94,93.89,1.47,94.03,0
1450,038 Gurranebraher E,Cork City,Southern,10,0.26,4.86,2.17,1045,94.83,96.1,0.09,93.59,2.63
1451,039 Knocknaheeny,Cork City,Southern,13,0.46,3.19,1.46,3988,93,90.9,1.07,89.75,3.38
1452,040 Knockrea A,Cork City,Southern,25,7.15,33.2,17.53,1155,80.1,83.56,7.28,80.03,0
1453,041 Knockrea B,Cork City,Southern,16,4.16,25.66,17.75,901,84.84,89.36,1.69,80.97,2.33
1454,042 Mahon A,Cork City,Southern,76,3.06,18.15,10.65,4131,84.32,87.39,3.39,82.8,2.85
1455,043 Mahon B,Cork City,Southern,62,1.97,13.66,8.98,3924,81.72,85.09,4.85,85.71,3.2
1456,044 Mahon C,Cork City,Southern,53,2.63,20.7,13.26,3005,90.79,93.63,1.66,88.2,2.38
1457,045 Mardyke,Cork City,Southern,6,4.1,23.03,17.67,408,70.83,74.31,3.13,62.89,0.97
1458,046 Mayfield,Cork City,Southern,20,0.78,5.47,2.73,2644,91.58,93.14,1.28,89.83,4.35
1459,047 Montenotte A,Cork City,Southern,46,3.75,21.23,14.57,1383,85.95,89.25,2.49,79.74,1.49
1460,048 Montenotte B,Cork City,Southern,26,1.5,13.97,6.64,2251,90.47,93.25,1.89,91.22,2.08
1461,049 Pouladuff A,Cork City,Southern,10,1.31,7.68,4.58,757,94.86,96.49,0.88,92.12,0
1574,089 Firmount,Cork County,Southern,5,1.44,14.59,6.46,628,94.29,95.95,0,94.14,0
1575,090 Glenville,Cork County,Southern,7,1.52,17.68,8.08,617,97.47,97.79,0,92.61,0
1576,091 Greenfort,Cork County,Southern,9,0.22,18.46,8.57,698,95.1,96.46,0,91.44,0
1577,092 Inishkenny,Cork County,Southern,60,2.59,26.07,13.73,4112,75.13,77.67,8.84,81.31,3.07
1578,093 Killeagh,Cork County,Southern,2,1.55,15.72,7.22,568,94.04,96.36,0,91.07,0
1579,094 Knockantota,Cork County,Southern,13,1.2,15.32,7.06,900,93.17,95.24,0.93,93.08,0
1580,095 Knockraha,Cork County,Southern,12,1.04,21.16,9.02,1262,93.27,94.68,0.52,91.68,3.03
1581,096 Lehenagh,Cork County,Southern,84,2.23,21.8,12.22,7890,80.92,83.5,5.71,84.52,2.37
1582,097 Matehy,Cork County,Southern,20,1.15,19.45,8.75,2514,91.19,94.7,0.62,92.35,1.4
1583,098 Monkstown Rural,Cork County,Southern,6,2.61,22.73,10.91,846,84.77,87.58,3.71,83.91,3.31
1584,099 Monkstown Urban,Cork County,Southern,59,2.08,20.73,9.73,4252,83.8,87.88,3.29,83.78,4.3
1585,100 Ovens,Cork County,Southern,17,1.61,27.19,12.65,1777,86.09,89.24,3.97,87.08,2.43
1586,101 Rathcooney (part),Cork County,Southern,83,1.55,16.84,8.22,7354,90.44,92.19,2.04,90.84,2.3
1587,102 Riverstown,Cork County,Southern,66,1.43,20.26,9.88,3911,86.07,88.95,2.77,88.89,2.55
1588,103 St. Mary's (part),Cork County,Southern,47,1.39,13.25,5.61,4669,90.84,91.77,1.19,90.33,2.59
1589,104 Whitechurch,Cork County,Southern,20,1.56,18.97,7.09,2603,92.96,95.39,0.75,95.27,2.42
1590,105 Aultagh,Cork County,Southern,5,1.31,11.79,4.37,309,92.79,93.39,0,90.75,0
1803,318 Skull,Cork County,Southern,31,2.16,15.27,7.64,710,75.05,81.08,0.95,70.82,1.14
1804,319 Toormore,Cork County,Southern,4,3.68,17.65,5.88,108,67.08,73.91,0,53.01,0
1805,320 Ardagh,Cork County,Southern,6,1.21,13.29,6.28,574,89.13,93.17,0,87.06,0
1806,321 Clonpriest,Cork County,Southern,10,0.83,13.22,3.44,928,90.1,94.17,0.97,91.04,4.65
1952,144 Cordal,Kerry,Southern,1,0.46,11.11,5.56,260,91.87,97.53,0,96.11,0
1953,145 Crinny,Kerry,Southern,2,0.85,15.68,3.81,294,90.46,94.46,0,94.15,0
1954,146 Derreen,Kerry,Southern,0,0.68,8.84,0.68,172,90.53,94.21,0,95.34,0
1955,147 Doon,Kerry,Southern,6,0.22,17.8,7.47,628,91.28,95.06,0.58,93.53,0
1956,148 Gneeves,Kerry,Southern,3,0.75,9.81,3.02,334,92.01,96.14,0,95.89,0
1957,149 Kerryhead,Kerry,Southern,3,0.22,10.49,2.9,549,89.27,95.12,0.65,97.41,0
1958,150 Kilflyn,Kerry,Southern,2,0,11.58,3.68,241,91.98,94.27,1.15,94.32,0
1959,151 Kilgarrylander,Kerry,Southern,5,1.25,11.69,2.3,555,83.46,91.73,0.6,91.89,0
1960,152 Kilgobban,Kerry,Southern,2,1.9,14.22,4.74,244,84.14,92.07,1.03,83.28,0
1961,153 Killahan,Kerry,Southern,2,0,11.3,4.35,307,91.92,93.71,2.1,93.73,9.09
1962,154 Kilmurry,Kerry,Southern,1,0.44,12,2.22,295,91.05,93.52,0.93,93.56,0
1963,155 Kiltallagh,Kerry,Southern,3,1.02,14.5,3.31,477,85.03,91.09,2.32,82.92,2.63
1964,156 Knockglass,Kerry,Southern,5,1.73,15.58,12.55,267,81.16,90.88,0.3,87.13,0
1965,157 Knocknagashel,Kerry,Southern,6,0.4,10.3,3.03,634,90.96,94.26,0,94.26,0
1966,158 Lackabaun,Kerry,Southern,1,0.99,8.55,3.62,406,89.43,95.37,0.44,95.37,0
1967,159 Millbrook,Kerry,Southern,2,0.58,8.72,3.78,425,94.65,97.33,0.22,93.79,0
1968,160 Mount Eagle,Kerry,Southern,3,0.87,14.78,5.22,150,87.72,90.64,0,92.4,0
1969,161 Nohaval,Kerry,Southern,2,1.21,14.17,5.67,326,87.17,93.32,0,88.24,6.25
1970,162 O'Brennan,Kerry,Southern,5,2.51,14.42,2.82,450,89.11,94.85,0.59,93.5,0
1971,163 Ratass,Kerry,Southern,11,1.15,16.38,7.61,943,86.75,94.11,0.46,89.29,0
1972,164 Scartaglin,Kerry,Southern,7,0.68,11.71,3.38,601,91.06,94.39,0.76,94.86,9.09
1973,165 Tralee Rural,Kerry,Southern,165,1.41,17.26,6.94,13945,78.4,83.27,4.66,84,3.51
1974,166 Tubrid,Kerry,Southern,7,0.35,12.83,4.04,729,89.67,95.45,0,93.39,0
1975,001 Abbey A,Limerick City,Southern,59,1.92,16.19,7.56,3990,85.57,88.38,3.58,88.52,4.33
1976,002 Abbey B,Limerick City,Southern,32,1.4,14.11,5.82,1920,77.92,81.21,5.52,80.5,2.99
1977,003 Abbey C,Limerick City,Southern,7,2.67,6.53,3.86,374,74.21,76.79,5.16,75.25,1.89
1978,004 Abbey D,Limerick City,Southern,11,0.38,5.02,1.7,1305,90.12,90.95,2.69,89.97,1.87
1979,005 Ballinacurra A,Limerick City,Southern,26,3.91,29.89,15.96,1741,82.28,85.49,7.8,85.45,2.74
2131,120 Kildimo,Limerick County,Southern,5,1.18,20.71,6.12,609,92.13,96.07,0,93.24,0
2132,121 Kilscannell,Limerick County,Southern,4,0.56,15.64,5.31,487,91.71,96.05,0,94.19,0
2133,122 Lismakeery,Limerick County,Southern,2,0.34,11.3,3.08,405,94.85,97.42,0,96.5,0
2134,123 Loghill,Limerick County,Southern,4,1.36,11.67,3.31,601,82.33,85.21,0.41,87.06,0
2135,124 Mohernagh,Limerick County,Southern,0,1.04,10.42,2.08,125,90.58,97.1,0,95.65,0
2136,125 Nantinan,Limerick County,Southern,1,1.82,14.14,5.45,690,91.03,94.99,0,88.67,0
2137,126 Pallaskenry,Limerick County,Southern,13,0.87,13.44,4.34,981,92.29,95.95,0.38,91.17,0
2138,127 Rathkeale Rural,Limerick County,Southern,1,0.41,11.02,4.9,302,94.08,98.44,0,97.2,0
2139,128 Rathkeale Urban,Limerick County,Southern,12,0.59,6.65,2.15,1266,86.3,93.73,0.41,94.86,7.94
2140,129 Riddlestown,Limerick County,Southern,3,1.36,12.53,4.63,537,90.86,94.75,0.17,94.6,0
2141,130 Shanagolden,Limerick County,Southern,8,0.28,9.51,3.64,816,89.38,92.88,2.52,92.6,0
2142,131 Shanid,Limerick County,Southern,2,1.1,14.36,3.87,478,92.1,96.92,0,93.31,0
2143,132 Bilboa,Limerick County,Southern,3,0.74,10.74,3.33,371,91.83,95.54,0,94.32,0
2144,133 Doon South,Limerick County,Southern,4,1.64,14.49,4.56,1164,90.51,95.8,0.31,94.88,4.55
2145,134 Grean,Limerick County,Southern,11,1.17,12.22,5.28,1372,91.96,95.44,0.87,93.88,1.64
2146,135 Oola,Limerick County,Southern,6,1.4,11.17,4.61,995,94.31,95.36,0.19,95,0
2147,136 Templebredon,Limerick County,Southern,5,0.85,15.54,3.67,498,91.04,95.25,0.18,93.64,0
2148,001 Nenagh East Urban,Tipperary,Southern,25,1.25,13.39,4.69,2216,76.6,77.29,8.4,86.06,5.34
2149,002 Nenagh West Urban,Tipperary,Southern,34,1.17,13.58,5.44,3888,76.63,77.97,10.17,87.36,5.82
2150,003 Templemore,Tipperary,Southern,10,1.23,11.84,4.04,1671,86.58,88.55,5.8,92.07,5.69
2151,004 Thurles Urban,Tipperary,Southern,63,1.5,11.95,4.18,5879,85.35,87.41,4.34,90.86,4.96
2152,005 Aglishcloghane,Tipperary,Southern,1,0,6.63,1.02,281,93.98,94.98,0,87.63,0
2153,006 Ballingarry,Tipperary,Southern,0,0.84,11.2,4.2,466,88.09,90.93,0.19,80.79,0
2154,007 Ballylusky,Tipperary,Southern,1,0.84,10.04,2.93,310,89.6,92.77,0,84.81,0
2155,008 Borrisokane,Tipperary,Southern,12,1.11,9.99,3.22,1134,88.32,91.82,0,89.72,3.9
2302,157 Bruis,Tipperary,Southern,1,0.45,14.93,3.62,298,91.98,93.52,0,93.56,0
2303,158 Cappagh,Tipperary,Southern,9,1.46,13.8,4.38,813,90.43,94.88,0,94.82,0
2304,159 Clonbeg,Tipperary,Southern,4,0.75,17.45,7.69,620,85.87,90.86,1.11,87.67,0
2305,160 Cullen,Tipperary,Southern,3,0.52,11.92,4.15,256,90.78,91.13,1.06,91.13,0
2306,161 Curraheen,Tipperary,Southern,0,1,11.44,1.49,262,91.93,95.44,0,92.98,0
2307,162 Donohill,Tipperary,Southern,4,0.69,11.01,3.9,564,87.99,92.67,0,92.24,2.94
2308,163 Drumwood,Tipperary,Southern,3,1.11,10.56,5.83,496,89.53,92.06,1.26,93.02,0
2309,164 Emly,Tipperary,Southern,7,0.62,11.13,3.71,634,87.69,91.15,0.97,91.5,6.67
2310,165 Glengar,Tipperary,Southern,1,2.23,13.41,3.91,246,90.11,91.94,0,91.21,0
2311,166 Golden,Tipperary,Southern,2,0.18,10.55,3.27,685,85.73,89.86,0,91.52,16.28
2437,078 Kilmeadan,Waterford County,Southern,7,1.14,13.14,4.95,727,92.38,95.55,0,91.36,0
2438,079 Newcastle,Waterford County,Southern,2,1.66,14.9,7.28,450,90.73,92.74,0,93.35,0
2439,080 Pembrokestown,Waterford County,Southern,5,1.49,20.3,9.25,456,93.25,96.11,0.82,87.65,0
2440,081 Rathmoylan,Waterford County,Southern,14,0.99,15.23,8.18,908,83.38,87.33,1.84,82.34,3.57
2441,082 Reisk,Waterford County,Southern,16,1.34,15.7,7.38,1033,92.65,95.61,0.18,91.45,0
2442,083 Tramore,Waterford County,Southern,123,1.23,16.89,7.4,7891,83.96,88.58,0.73,84.98,1.65
2443,084 Woodstown,Waterford County,Southern,5,1.53,19.64,11.73,531,88.94,94.14,0,84.19,9.52
2444,085 Ardmore,Waterford County,Southern,9,2.7,13.87,9.63,639,88.38,91.01,1.8,88.68,0
2445,086 Ballyheeny,Waterford County,Southern,8,2.39,14.63,4.52,495,86.69,91.94,0.53,87.69,0
2446,087 Clashmore,Waterford County,Southern,3,1.03,14.09,3.09,360,89.11,91.58,0.5,88.89,0
2447,088 Glenwilliam,Waterford County,Southern,0,1.67,16.67,5.83,156,86.67,93.89,0,88.33,0
2448,089 Grallagh,Waterford County,Southern,3,0,14.94,5.84,210,86.42,90.95,0.41,88.11,0
2449,090 Grange,Waterford County,Southern,5,0.5,13.5,7,281,88.09,91.22,0,87.15,0
2450,091 Kinsalebeg,Waterford County,Southern,6,1.86,13.26,8.49,458,86.91,88.8,0.95,87.74,0
2451,092 Templemichael,Waterford County,Southern,4,1.14,12.93,5.7,397,91.47,93.09,0.23,87.36,0
2452,001 Ballybaan,Galway City,North and West,124,1.91,20.42,10.15,8477,69.32,72.32,11.26,79.63,3.08
2453,002 Baile an Bhriotaihg,Galway City,North and West,10,2.4,19.01,9.42,663,76.12,75.55,9.18,78.84,2
2454,003 Bearna,Galway City,North and West,210,4.08,26.8,20.17,10632,74.7,80.73,4.6,77.02,2.13
2455,004 An Caisleˆn Gearr,Galway City,North and West,57,3.04,21.14,10.71,2646,65.37,68.28,12.03,75.09,2.59
2456,005 Claddagh,Galway City,North and West,67,5.62,21.81,16.41,1929,81.53,85.55,1.9,75.01,0
2457,006 Dangan,Galway City,North and West,40,3.67,20.65,15.62,2889,80.05,85.37,2.16,79.95,1.42
2458,007 Eyre Square,Galway City,North and West,104,4.47,26.84,16.37,2633,71.12,75.8,3.51,62.65,0.44
2459,008 An Cnocˆn Carrach,Galway City,North and West,31,3.96,30.6,24.42,1211,83.46,90.28,0.76,83.83,1.9
2460,009 Lough Atalia,Galway City,North and West,15,2.52,17.93,11.26,747,81.64,86.23,3.83,83.91,2.5
2672,201 Kilcoona,Galway County,North and West,5,1.5,13.5,7.75,541,87.4,95.96,0.16,94.51,0
2673,202 Killeany,Galway County,North and West,9,2.58,18.86,8.53,514,85.38,92.19,0.66,86.56,0
2674,203 Killeen,Galway County,North and West,6,1.34,14.29,7.59,600,91.46,95.58,0,96.5,0
2675,204 Killererin,Galway County,North and West,2,1.21,13.33,4.65,654,89.71,95.2,0,94.81,0
2676,205 Killower,Galway County,North and West,4,0.76,13.36,7.06,779,91.65,95.88,0.12,94.95,5
2677,206 Killursa,Galway County,North and West,17,1.65,16.6,10.01,927,87.12,91.26,1.03,88.66,1.69
2678,207 Kilmoylan,Galway County,North and West,5,0.9,15.84,6.58,921,88.99,94.59,1.35,95.38,4.44
2679,208 Kilshanvy,Galway County,North and West,3,0.38,6.08,3.8,365,93.11,95.92,0,91.62,0
2680,209 Levally,Galway County,North and West,1,0.84,10.08,5.04,334,92.78,96.39,0,96.94,0
2681,210 Milltown,Galway County,North and West,7,1.81,17.46,6.35,551,87.88,94.9,0.32,93.84,4.55
2682,211 Monivea,Galway County,North and West,5,1.4,17.44,6.51,576,88.89,93.67,0,93.89,0
2750,068 Drumdoo,Leitrim,North and West,3,2.18,9.61,3.93,260,87.25,88.59,0,90.97,0
2751,069 Drumod,Leitrim,North and West,8,0.96,19.04,9.04,631,82.92,87.52,2.1,84.66,4.17
2752,070 Fenagh,Leitrim,North and West,1,2.41,17.67,5.22,328,86.54,93.4,0,91.58,0
2753,071 Gortermone,Leitrim,North and West,2,0.95,12.38,3.33,264,91.67,97.57,0.69,97.58,14.29
2754,072 Keeldra,Leitrim,North and West,2,0.71,12.06,4.96,183,92.89,97.97,0,94.95,#DIV/0!
2755,073 Lisgillock,Leitrim,North and West,2,0,8.7,3.62,175,88.83,91.88,0,95.94,0
2756,074 Mohill,Leitrim,North and West,5,1.49,10.21,4.26,1156,84.26,89.21,3.13,88.24,1.01
2757,075 Rinn,Leitrim,North and West,5,1.49,10.95,5.47,252,86.9,93.1,0.69,87.71,0
2758,076 Riverstown,Leitrim,North and West,0,1.69,11.8,5.06,220,88.71,93.95,0.4,90.32,0
2759,077 Roosky,Leitrim,North and West,3,1.33,16,3.73,405,83.16,88.3,3.29,89.34,2.7
2760,078 Rowan,Leitrim,North and West,1,2.37,11.83,1.78,212,85.14,87.95,0,86.45,0
2797,037 An Cheapaigh Dhuibh,Mayo,North and West,1,0.84,12.24,5.06,283,83.98,94.07,0,92.69,0
2798,038 Cong,Mayo,North and West,7,1.64,18.55,7.09,651,84.22,87.71,1.03,84.93,1.92
2799,039 Coonard,Mayo,North and West,3,0.46,10.19,4.63,254,91.04,94.27,0,93.91,0
2800,040 Dalgan,Mayo,North and West,6,1.4,12.98,4.71,973,87.9,92.05,1.08,91.79,10.42
2801,041 Hollymount,Mayo,North and West,2,0.18,12.63,4.39,728,88.67,93.42,1.71,95.14,0
2802,042 Houndswood,Mayo,North and West,5,0.9,12.42,6.32,561,89.05,94.29,0.48,92.9,0
2803,043 Kilcommon,Mayo,North and West,5,0.84,8.19,3.36,614,90.56,95.13,0,94.94,0
2804,044 Kilmaine,Mayo,North and West,8,1.28,10.98,3.71,887,90.33,94.3,0,92.61,8.57
2805,045 Neale,Mayo,North and West,6,0.77,11.54,5.58,671,87.26,91.68,0.39,91.59,6.67
2806,046 Newbrook,Mayo,North and West,3,1.12,10.08,2.24,455,86.5,89.73,1.71,94.92,4.35
2807,047 Abhainn Bhrain,Mayo,North and West,3,1.64,9.84,3.28,206,85.83,92.5,0,87.97,0
2808,048 PartraÍ,Mayo,North and West,10,2.78,20.76,8.61,461,82.76,92.28,0,90.93,3.7
2809,049 Roslee,Mayo,North and West,3,1.42,12.46,1.78,373,90.31,94.19,0,94.67,0
2897,139 Erriff,Mayo,North and West,1,3.75,16.25,5,110,92.44,95.8,0,96,0
2898,140 Glenhest,Mayo,North and West,2,1.76,12.94,3.53,198,85.34,91.81,0,88.94,0
2899,141 Islandeady,Mayo,North and West,6,1.55,15.15,6.49,866,88.82,94.87,0,93.45,0
2900,142 Kilgeever,Mayo,North and West,1,0,7.23,2.41,104,91.23,95.61,0,96.49,#DIV/0!
2901,143 Kilmaclasser,Mayo,North and West,5,1.98,12.43,5.93,466,83.81,92.45,0,89.11,0
2902,144 Kilmeena,Mayo,North and West,23,1.94,18.83,9.31,1225,82.16,90.54,0.27,87.97,0
2903,145 Kilsallagh,Mayo,North and West,4,2.06,13.62,8.23,449,81.34,85.69,0.72,86.15,0
2904,146 Knappagh,Mayo,North and West,17,2.12,18.05,8.7,615,82.88,90.57,0.54,78.96,0
2905,147 Louisburgh,Mayo,North and West,21,2.44,18.75,8.23,740,80.96,87.42,0.98,86.27,2.56
2906,148 Newport East,Mayo,North and West,11,2.61,12.92,5.74,945,85.44,91.14,0.72,90.38,1.49
2907,149 Newport West,Mayo,North and West,5,1.25,12.54,4.12,594,78.36,87.07,1.85,88.85,3.23
2908,702 Owennadornaun(150)/Bundorragha(130),Mayo,North and West,2,2.54,20.34,15.25,121,82.31,90.48,0,80,0
2909,151 Slievemahanagh,Mayo,North and West,7,0.68,13.36,3.42,385,85.18,90.71,0,91.89,0
2910,152 Slievemore,Mayo,North and West,13,1.92,15.47,4.22,784,75.38,88.75,0.1,88.62,0
2911,153 Srahmore,Mayo,North and West,1,1.06,9.57,11.7,113,89.68,92.06,0,83.59,0
2912,154 Westport Rural,Mayo,North and West,29,1.55,21.34,11.45,1344,86.93,93.08,0.32,88.65,1.52
2913,001 Athlone West Rural,Roscommon,North and West,29,1.45,19.52,8.74,3392,76.53,78.81,8.44,82.92,2.62
2914,002 Ballydangan,Roscommon,North and West,2,1.04,13.15,3.76,639,91.16,95.86,0.86,97.15,9.09
3010,100 Lismaha,Roscommon,North and West,0,1.65,13.99,6.58,330,89.67,91.58,0,91.35,0
3011,101 Lissonuffy,Roscommon,North and West,1,0.88,7.08,6.19,156,95.12,96.34,0,95.12,0
3012,102 Mote,Roscommon,North and West,13,1.37,18.52,7.89,792,88,92.67,0.11,91.46,2.5
3013,103 Ogulla,Roscommon,North and West,0,2.27,12.73,2.27,265,80.79,85.98,0.61,90.61,0
3014,104 Roosky,Roscommon,North and West,3,0.62,11.11,1.85,571,81.81,86.53,6.02,91.8,3.33
3015,105 Roscommon Rural,Roscommon,North and West,47,1.24,15.76,7.4,3695,77.59,81.44,6.4,88.12,4.33
3016,106 Roscommon Urban,Roscommon,North and West,10,1.3,14.94,5.39,1054,62.74,64.17,10.42,83.6,7.18
3017,107 Rosmoylan,Roscommon,North and West,0,5.65,14.52,4.84,144,88.89,93.21,0,93.83,0
3018,108 Rossmore,Roscommon,North and West,0,0.86,4.31,2.59,145,86.31,91.07,0,95.83,0
3019,109 Scregg,Roscommon,North and West,2,1.22,15.5,8.21,440,90.53,94.86,0,92.01,4.35
3020,110 Strokestown,Roscommon,North and West,7,1.28,10.53,3.56,835,83.75,87.86,1.71,90.23,3.66
3021,111 Termonbarry,Roscommon,North and West,10,1.3,18.44,8.89,580,83.94,89.44,2.03,89.94,4.76
3086,065 Annagh,Sligo,North and West,8,1.45,19.57,7.97,176,87.56,91.04,0,75.25,0
3087,066 Banada,Sligo,North and West,2,2.18,14.53,3.87,509,84.27,87.91,0.66,88.74,0
3088,067/069 Branchfield/Carrownaskeagh,Sligo,North and West,0,0.87,8.7,7.83,152,95,95.63,0,88.13,0
3089,068 Breencorragh,Sligo,North and West,0,0,11.46,4.17,118,90.08,97.71,0,93.94,0
3090,070 Cartron,Sligo,North and West,0,0.76,16.67,2.27,159,83.68,91.05,0,84.21,0
3091,072 Cloonoghill,Sligo,North and West,2,1.44,7.21,2.88,283,92.18,94.14,0,94.79,0
3092,073 Coolaney,Sligo,North and West,11,1.32,20.26,7.11,965,80.69,86.62,3.34,83.5,3.03
3093,074 Glendarragh,Sligo,North and West,2,1.45,10.87,7.25,149,76.8,86.08,1.03,85.07,0
3094,075 Kilmacteige,Sligo,North and West,1,2.3,10.92,5.17,202,83.82,88.8,0,92.15,0
3095,076 Kilturra,Sligo,North and West,0,1.78,12.43,5.33,207,85.89,91.29,0,86.72,0
3096,077 Leitrim,Sligo,North and West,5,0.83,13.75,4.17,305,84.49,91.97,0,92.08,4.76
3097,078/071 Loughill/Cloonacool,Sligo,North and West,4,0.88,14.47,3.95,299,85.19,89.46,1.14,89.77,0
3098,079 Owenmore,Sligo,North and West,0,2.67,14.67,6.67,90,79.65,80.53,0,80.7,11.11
3099,080 Streamstown,Sligo,North and West,4,1.63,15.22,2.17,275,91.36,95.35,1,90.4,0
3100,081 Temple,Sligo,North and West,3,2.56,17.95,6.15,271,90.33,94,0,80.73,0
3101,082 Tobercurry,Sligo,North and West,15,1.24,13.78,4.33,2040,81.05,86.17,3.3,89.48,3.15
3102,001 Cavan Urban,Cavan,North and West,33,1.52,9.21,3.13,2704,74.61,77.35,6.13,85.61,5.99
3103,002 Bailieborough,Cavan,North and West,25,0.81,10.23,3.22,3390,88.07,90.83,1.66,84.36,3.66
3104,003 Carnagarve,Cavan,North and West,4,1,10.72,2.24,557,90.28,94.33,0,81.54,0
3188,091 Kilgolagh,Cavan,North and West,3,0.92,9.63,1.83,291,91.8,96.21,0.63,89.91,0
3189,092 Loughdawan,Cavan,North and West,0,0.44,8.33,1.32,324,95.86,96.45,0,97.93,0
3190,093 Scrabby,Cavan,North and West,5,1.3,14.58,4.43,549,90.89,94.87,0.5,91.57,0
3312,122 Loch Caol,Donegal,North and West,1,0.5,17,4.5,266,84.98,92.33,0,61.78,0
3313,123 Millford,Donegal,North and West,12,0.81,12.83,4.89,1221,80.75,92.66,0.4,86.21,0
3314,124 Rathmelton,Donegal,North and West,25,1.18,15.17,7.35,1932,82.46,92.53,0.21,74.06,1.43
3315,125 Rathmullan,Donegal,North and West,15,2.64,17.36,7.11,684,80.66,91.51,1.3,83.2,0
3316,126 Ros Goill,Donegal,North and West,9,3.63,17.38,8.37,656,78.94,92.3,0.84,83.3,0
3317,127 Rosnakill,Donegal,North and West,0,1.19,10.71,6.55,230,88.8,95.75,0,78.16,0
3318,128 An Tearmann,Donegal,North and West,1,1.88,13.13,8.44,423,87.22,94.64,0,91.67,0
3319,129 Allt na P_iste,Donegal,North and West,3,1.08,7.58,4.69,373,91.2,95.35,0,79.02,0
3320,130 Castlefinn,Donegal,North and West,5,0.47,7.3,2.83,1043,79.92,94.25,0,80.47,0
3321,131 An Clochˆn,Donegal,North and West,1,0.69,9.12,2.24,783,88.08,95.73,0.11,86.37,0
3322,132 Cloghard,Donegal,North and West,2,0.65,9.74,2.16,572,81.95,96.42,0,86.85,0
3323,133 Clonleigh North,Donegal,North and West,7,0.92,7.33,2.85,1111,76.52,96.69,0,87.59,0
3324,134 Clonleigh South,Donegal,North and West,10,0.42,8.36,2.81,1669,76.24,95.16,0.23,90.29,4
3325,135 Convoy,Donegal,North and West,12,0.58,8.95,2.75,1990,84.21,92.93,0.25,68.55,1.75
3326,136 Dooish,Donegal,North and West,4,0.9,15.22,5.82,844,80.23,91.54,1.33,88.01,3.85
3327,137 Feddyglass,Donegal,North and West,4,1,14.67,3.33,341,76.63,95.06,0,55.68,0
3328,138 Figart,Donegal,North and West,7,1.12,9.29,3.21,760,79.75,93.49,0,57.99,0
3329,139 Gleneely,Donegal,North and West,8,0.99,11.4,3.57,1314,83.32,94.93,0,90.76,0
3330,140 Goland,Donegal,North and West,1,0,9.91,5.41,297,81.15,94.26,0,91.37,0
3331,141 Killygordon,Donegal,North and West,7,1.08,8.87,4.03,944,83.47,93.9,0.18,78.01,8
3332,142 Knock,Donegal,North and West,12,0.91,12.91,6.73,1438,80.65,89.4,4.21,91.15,4.58
3333,143 Lettermore,Donegal,North and West,3,0.77,11.92,3.08,337,83.21,94.57,0,90.05,0
3334,144 MÍn Charraigeach,Donegal,North and West,0,0,9.33,4,101,93.52,97.22,0,95.5,0
3335,145 Raphoe,Donegal,North and West,9,0.86,7.75,2.78,1334,86.18,95.22,0.13,70.36,2.63
3336,146 St. Johnstown,Donegal,North and West,7,0.87,8.93,2.51,1078,77.5,94.97,0.07,83.19,0
3337,147 Stranorlar,Donegal,North and West,27,0.98,11.55,4.87,3551,79.26,88.21,2.88,88.78,5.56
3338,148 Treantaghmucklagh,Donegal,North and West,6,0.38,10,2.88,596,78.84,94.71,0.4,56.28,0
3339,149 Urney West,Donegal,North and West,3,0.5,11.69,2.24,428,70.74,96.86,0,89.97,0
3374,035 Anny,Monaghan,North and West,3,1.65,14.88,4.13,331,90.19,94.55,0,72.87,0
3375,036 Clones Rural,Monaghan,North and West,16,1.72,13.21,4.34,1238,77.33,91.88,0.62,89.67,4.35
3376,037 Cormeen,Monaghan,North and West,2,0.65,10.36,2.27,432,94.74,97.81,0,86.46,0
3377,038 Currin,Monaghan,North and West,5,1.38,9.17,3.9,553,84.95,93.24,1.23,84.7,4.44
3378,039 Dawsongrove,Monaghan,North and West,9,1.1,12.72,3.95,603,88.16,95.47,0.29,74.75,0
3379,040 Drum,Monaghan,North and West,1,0,5.47,2.34,168,90.32,96.24,0,28.88,0
3400,061 Killylough,Monaghan,North and West,5,1.02,12.53,3.84,499,89.11,96.07,0.54,99.12,0
3401,062 Kilmore,Monaghan,North and West,3,1.4,14.89,3.93,453,87.79,95.93,0,94.61,0
3402,063 Monaghan Rural,Monaghan,North and West,60,1.21,13.69,5.52,4226,68.86,75.95,5.04,83.3,7.06
3403,064 Rackwallace,Monaghan,North and West,9,1.19,15.93,4.07,753,84.04,94.2,1,70.76,0
3404,065 Scotstown,Monaghan,North and West,6,0.68,12.72,4.1,979,85.2,96.69,0.17,94.63,0
3405,066 Shanmullagh,Monaghan,North and West,1,0.69,9.03,3.47,184,84.79,95.85,0,98.63,0
3406,067 Sheskin,Monaghan,North and West,1,1.46,9.73,2.19,511,80.73,96.05,0.32,95.83,4.35